Experiment,Coverage,F1_micro,F1_macro,F1_weighted,PCA
1,0.25771498027437495,0.8920454545454546,0.881225725511312,0.8845797399266582,[0.07878438 0.03638186]
2,0.25771498027437495,0.9261363636363636,0.9218315945824247,0.9223382275476383,[0.07878438 0.03638187]
3,0.25771498027437495,0.9031818181818182,0.9003847927718865,0.9007482343574881,[0.07878438 0.03638184]
4,0.25771498027437495,0.9263636363636364,0.922201320230248,0.9226049027947771,[0.07878438 0.03638182]
