Experiment,Coverage,F1_micro,F1_macro,F1_weighted,PCA
1,0.39933152536809,0.9083314517949875,0.8991045429347825,0.9019966029545154,[0.06594416 0.02258886]
